{
  "model": "google/gemma-2-2b-it",
  "total_candidates": 5000,
  "load_time_seconds": 450.3092534542084,
  "generation_time_seconds": 217.8768618106842,
  "total_time_seconds": 668.1861152648926,
  "total_prompt_tokens": 3914957,
  "total_completion_tokens": 213664,
  "total_tokens": 4128621,
  "avg_prompt_tokens_per_candidate": 782.9914,
  "avg_completion_tokens_per_candidate": 42.7328,
  "avg_total_tokens_per_candidate": 825.7242,
  "throughput_tokens_per_second": 18949.332047876695,
  "time_per_candidate_seconds": 0.04357537236213684,
  "gpu_memory_used_mb": 15365,
  "timestamp": "2025-10-29T03:00:52.059870"
}